{
    "https://identifiers.org/aop.events/388": {
        "mie_query": "Parkinson's disease",
        "qsprpred_model": "Q13224_RF_Model",
        "uniprot ID inferred from qspred name": "Q13224",
        "protein name uniprot": "Glutamate receptor ionotropic, NMDA 2B",
        "Gene Symbol Uniprot": "GRIN2B",
        "AOP": "https://aopwiki.org/aops/464",
        "MIE name": "NMDA",
        "MIE/KE identifier in AOP wiki": "388",
        "description MIE/KE from AOP wiki": "Overactivation, NMDARs",
        "mie_direction": "overactivation",
        "direction_evidence": "10.1016/j.neuro.2023.11.001",
        "Ensembl": "ENSG00000273079"
    },
    "https://identifiers.org/aop.events/2039": {
        "mie_query": "Parkinson's disease",
        "qsprpred_model": "P31644_RF_Model",
        "uniprot ID inferred from qspred name": "P31644",
        "protein name uniprot": "\nGamma-aminobutyric acid receptor subunit alpha-5",
        "Gene Symbol Uniprot": "GABRA5",
        "AOP": "https://aopwiki.org/aops/464",
        "MIE name": "GABA",
        "MIE/KE identifier in AOP wiki": "2039",
        "description MIE/KE from AOP wiki": "Inhibition, GABAR",
        "mie_direction": "inhibition",
        "direction_evidence": "10.1016/j.neuro.2023.11.001",
        "Ensembl": "ENSG00000186297"
    },
    "https://identifiers.org/aop.events/2036": {
        "mie_query": "Parkinson's disease",
        "qsprpred_model": "Q13255_Allosteric_RF_Model",
        "uniprot ID inferred from qspred name": "Q13255",
        "protein name uniprot": "Metabotropic glutamate receptor 1",
        "Gene Symbol Uniprot": "GRM1",
        "AOP": "https://aopwiki.org/aops/464",
        "MIE name": "mGLU 1 Allosteric",
        "MIE/KE identifier in AOP wiki": "2036",
        "description MIE/KE from AOP wiki": "Activation, mGluR",
        "mie_direction": "activation",
        "direction_evidence": "10.1016/j.neuro.2023.11.001",
        "Ensembl": "ENSG00000152822"
    },
    "https://aopwiki.org/events/2104": {
        "mie_query": "Thyroid",
        "qsprpred_model": "P10828_RF_Model",
        "uniprot ID inferred from qspred name": "P10828",
        "protein name uniprot": "Thyroid hormone receptor beta",
        "Gene Symbol Uniprot": "THRB",
        "AOP": "https://aopwiki.org/aops/485",
        "MIE name": "Thyroid hormone receptor beta",
        "MIE/KE identifier in AOP wiki": "1656",
        "description MIE/KE from AOP wiki": "Antagonism, Thyroid Receptor\n",
        "mie_direction": "antagonism",
        "direction_evidence": "",
        "Ensembl": "ENSG00000151090"
    },
    "https://identifiers.org/aop.events/2037": {
        "mie_query": "Parkinson's disease",
        "qsprpred_model": "",
        "uniprot ID inferred from qspred name": "",
        "protein name uniprot": "Inositol 1,4,5-trisphosphate-gated calcium channel ITPR3",
        "Gene Symbol Uniprot": "ITPR3",
        "AOP": "https://aopwiki.org/aops/464",
        "MIE name": "Inositol triphosphate receptor 3",
        "MIE/KE identifier in AOP wiki": "2037",
        "description MIE/KE from AOP wiki": "Activation, IP3R",
        "mie_direction": "activation",
        "direction_evidence": "10.1016/j.neuro.2023.11.001",
        "Ensembl": "ENSG00000096433"
    },
    "https://identifiers.org/aop.events/2187": {
        "mie_query": "Parkinson's disease",
        "qsprpred_model": "",
        "uniprot ID inferred from qspred name": "",
        "protein name uniprot": "",
        "Gene Symbol Uniprot": "",
        "AOP": "https://aopwiki.org/aops/464",
        "MIE name": "voltage-gated calcium channels",
        "MIE/KE identifier in AOP wiki": "2187",
        "description MIE/KE from AOP wiki": "Opening, VGCC",
        "mie_direction": "opening",
        "direction_evidence": "10.1016/j.neuro.2023.11.001",
        "Ensembl": ""
    },
    "https://identifiers.org/aop.events/1486": {
        "mie_query": "",
        "qsprpred_model": "",
        "uniprot ID inferred from qspred name": "",
        "protein name uniprot": "",
        "Gene Symbol Uniprot": "",
        "AOP": "https://aopwiki.org/aops/257",
        "MIE name": "Cubulin",
        "MIE/KE identifier in AOP wiki": "1486",
        "description MIE/KE from AOP wiki": "",
        "mie_direction": "",
        "direction_evidence": "",
        "Ensembl": "ENSG00000107611"
    }
}